iteration,total_loss,content_loss (weighted),style_loss (weighted),tv_loss (weighted)
0001,271970746368.000000,0.000000,271948560000.000000,22187190.000000
0002,271970631680.000000,0.000134,271948440000.000000,22187190.000000
0003,271969845248.000000,0.001717,271947660000.000000,22187190.000000
0004,271968681984.000000,0.007733,271946490000.000000,22187190.000000
0005,271966339072.000000,0.034845,271944150000.000000,22187184.000000
0006,271946383360.000000,1.043300,271924200000.000000,22187164.000000
0007,271727263744.000000,104.192947,271705080000.000000,22186934.000000
0008,269557415936.000000,10336.796939,269535210000.000000,22184612.000000
0009,259272441856.000000,299932.646751,259249980000.000000,22173044.000000
0010,150913368064.000000,58089624.023438,150833070000.000000,22207320.000000
0011,97554300928.000000,131987622.070312,97400385000.000000,21930608.000000
0012,61536251904.000000,226136816.406250,61288162500.000000,21954896.000000
0013,41622867968.000000,378685644.531250,41221740000.000000,22443850.000000
0014,29044557824.000000,415058154.296875,28607180625.000000,22320070.000000
0015,24205461504.000000,455529931.640625,23727549375.000000,22382138.000000
0016,19062736896.000000,548438476.562500,18491540625.000000,22756440.000000
0017,15148058624.000000,587552978.515625,14537787187.500000,22718190.000000
0018,13400974336.000000,630257714.843750,12747760312.500000,22955720.000000
0019,11397783552.000000,647129394.531250,10727675625.000000,22978336.000000
0020,9513462784.000000,682284130.859375,8807890312.500000,23289112.000000
0021,7677536768.000000,690913183.593750,6963291093.750000,23332496.000000
0022,6649579008.000000,700969189.453125,5925214218.750000,23395888.000000
0023,5911772160.000000,724064843.750000,5164027031.250000,23680340.000000
0024,4936558592.000000,715489941.406250,4197502500.000000,23566252.000000
0025,4354525184.000000,730625195.312500,3600195703.125000,23704674.000000
0026,4099102464.000000,727441162.109375,3348056484.375000,23604688.000000
0027,3725113856.000000,743823779.296875,2957439609.375000,23850508.000000
0028,3399485184.000000,743788476.562500,2631864609.375000,23832176.000000
0029,3113529088.000000,749361474.609375,2340258750.000000,23908848.000000
0030,2687410688.000000,756350292.968750,1907063906.250000,23996460.000000
0031,2649022976.000000,768791552.734375,1856041171.875000,24190158.000000
0032,2530402816.000000,762768945.312500,1743541875.000000,24091822.000000
0033,2494679552.000000,757834326.171875,1712872851.562500,23972248.000000
0034,2322960384.000000,762691113.281250,1536198867.187500,24070520.000000
0035,2245744640.000000,765744677.734375,1455856289.062500,24143558.000000
0036,2157935872.000000,764383105.468750,1369426406.250000,24126280.000000
0037,2036216320.000000,764293115.234375,1247770781.250000,24152512.000000
0038,1888344704.000000,762817431.640625,1101358359.375000,24168904.000000
0039,1803837440.000000,756617431.640625,1023101015.625000,24118976.000000
0040,1730551680.000000,756533105.468750,949892050.781250,24126548.000000
0041,1700612096.000000,757321582.031250,919122070.312500,24168432.000000
0042,1657783296.000000,756112646.484375,877537148.437500,24133448.000000
0043,1638105984.000000,754891650.390625,859052226.562500,24162164.000000
0044,1598405120.000000,752835205.078125,821459765.625000,24110096.000000
0045,1568488064.000000,752973535.156250,791389394.531250,24125144.000000
0046,1542326912.000000,751659326.171875,766531875.000000,24135728.000000
0047,1512587136.000000,749244970.703125,739216757.812500,24125292.000000
0048,1452633344.000000,741825195.312500,686715000.000000,24093154.000000
0049,1402481664.000000,733022949.218750,645444082.031250,24014546.000000
0050,1464897408.000000,726272509.765625,714579316.406250,24045508.000000
0051,1378355712.000000,730128759.765625,624207539.062500,24019484.000000
0052,1358916608.000000,729779101.562500,605127890.625000,24009748.000000
0053,1339068032.000000,728796582.031250,586257011.718750,24014482.000000
0054,1317713664.000000,727075244.140625,566619492.187500,24018980.000000
0055,1295232128.000000,725192871.093750,546024023.437500,24015284.000000
0056,1280421120.000000,719702392.578125,536695312.500000,24023400.000000
0057,1238249728.000000,717867968.750000,496396113.281250,23985630.000000
0058,1226508672.000000,715001269.531250,487519013.671875,23988352.000000
0059,1211809280.000000,713016650.390625,474814072.265625,23978446.000000
0060,1193894400.000000,708699951.171875,461230488.281250,23963892.000000
0061,1173654400.000000,704251953.125000,445469707.031250,23932742.000000
0062,1165154176.000000,699981884.765625,441233437.500000,23938844.000000
0063,1145837568.000000,699997363.281250,421910683.593750,23929512.000000
0064,1131455104.000000,698100244.140625,409423183.593750,23931772.000000
0065,1123132928.000000,695560839.843750,403638837.890625,23933180.000000
0066,1104694016.000000,690737255.859375,390031230.468750,23925508.000000
0067,1098332032.000000,686216552.734375,388188193.359375,23927240.000000
0068,1088635392.000000,686511181.640625,378229335.937500,23894860.000000
0069,1073996544.000000,683977197.265625,366119648.437500,23899702.000000
0070,1068785472.000000,681206152.343750,363675820.312500,23903548.000000
0071,1060860096.000000,679871435.546875,357086806.640625,23901860.000000
0072,1042631872.000000,674950878.906250,343778466.796875,23902546.000000
0073,1028732480.000000,671390722.656250,333440390.625000,23901352.000000
0074,1030161024.000000,665784472.656250,340452480.468750,23924084.000000
0075,1020964480.000000,668298681.640625,328754941.406250,23910864.000000
0076,1009666688.000000,666610302.734375,319155087.890625,23901314.000000
0077,1001810432.000000,665176123.046875,312735732.421875,23898552.000000
0078,994276160.000000,660960742.187500,309412939.453125,23902478.000000
0079,983332544.000000,657896582.031250,301556484.375000,23879468.000000
0080,975383744.000000,653873437.500000,297629326.171875,23881024.000000
0081,967095744.000000,652702197.265625,290526181.640625,23867344.000000
0082,960758656.000000,650021240.234375,286875263.671875,23862136.000000
0083,953037184.000000,645836230.468750,283347070.312500,23853888.000000
0084,946374144.000000,643300976.562500,279227109.375000,23846014.000000
0085,944353024.000000,637451855.468750,283044726.562500,23856478.000000
0086,940533056.000000,639681689.453125,277001132.812500,23850334.000000
0087,934494400.000000,638740527.343750,271906230.468750,23847646.000000
0088,927816832.000000,636890771.484375,267076904.296875,23849156.000000
0089,916329088.000000,633342285.156250,259133203.125000,23853656.000000
0090,910049600.000000,630046240.234375,256149433.593750,23853860.000000
0091,911579520.000000,625176513.671875,262531992.187500,23870956.000000
0092,905847872.000000,627551367.187500,254435625.000000,23860856.000000
0093,903227328.000000,624983349.609375,254400732.421875,23843234.000000
0094,895361664.000000,624159277.343750,247353662.109375,23848672.000000
0095,892147968.000000,623754345.703125,244547666.015625,23845946.000000
0096,889193984.000000,621529492.187500,243818569.335938,23845930.000000
0097,883309504.000000,619127148.437500,240343959.960938,23838424.000000
0098,873426304.000000,615409472.656250,234187661.132812,23829174.000000
0099,864998656.000000,612529003.906250,228651577.148438,23818052.000000
0100,870423616.000000,606888085.937500,239709272.460938,23826240.000000
0101,861545792.000000,609965087.890625,227761376.953125,23819302.000000
0102,858413184.000000,607462304.687500,227144765.625000,23806112.000000
0103,853120832.000000,605412841.796875,223898481.445312,23809462.000000
0104,850764160.000000,605390332.031250,221566889.648438,23806900.000000
0105,846823232.000000,603160058.593750,219855952.148438,23807240.000000
0106,843886272.000000,598348779.296875,221726601.562500,23810872.000000
0107,839354048.000000,599557861.328125,215992265.625000,23803908.000000
0108,836257024.000000,598515771.484375,213939082.031250,23802160.000000
0109,830514560.000000,593565283.203125,213146865.234375,23802346.000000
0110,824741120.000000,592825097.656250,208121162.109375,23794880.000000
0111,820301120.000000,589448681.640625,207060922.851562,23791504.000000
0112,813821312.000000,584551269.531250,205488867.187500,23781130.000000
0113,808775808.000000,581862597.656250,203138349.609375,23774824.000000
0114,807062208.000000,582083203.125000,201211464.843750,23767528.000000
0115,802568832.000000,578757617.187500,200040146.484375,23771072.000000
0116,799733440.000000,578221386.718750,197742583.007812,23769450.000000
0117,792437824.000000,574269580.078125,194400380.859375,23767868.000000
0118,789011392.000000,572071875.000000,193181923.828125,23757656.000000
0119,784234176.000000,570846435.546875,189633193.359375,23754520.000000
0120,789173824.000000,565372265.625000,200038359.375000,23763198.000000
0121,782133440.000000,568567626.953125,189809633.789062,23756250.000000
0122,778347904.000000,566861279.296875,187737626.953125,23748960.000000
0123,774828544.000000,564808056.640625,186278803.710938,23741676.000000
0124,770863360.000000,563014208.984375,184115229.492188,23733908.000000
0125,766683968.000000,560966113.281250,181991308.593750,23726500.000000
0126,776947264.000000,555352832.031250,197863359.375000,23731096.000000
0127,764806976.000000,558913134.765625,182168041.992188,23725786.000000
0128,759740800.000000,556195996.093750,179832919.921875,23711956.000000
0129,759155072.000000,553919580.078125,181526513.671875,23709024.000000
0130,756189504.000000,555071191.406250,177411679.687500,23706682.000000
0131,754273792.000000,553640625.000000,176925805.664062,23707300.000000
0132,752609792.000000,553083398.437500,175820639.648438,23705756.000000
0133,749634880.000000,550851562.500000,175080820.312500,23702482.000000
0134,746312640.000000,549199023.437500,173414414.062500,23699204.000000
0135,744358720.000000,545173486.328125,175486303.710938,23698882.000000
0136,739744576.000000,545313085.937500,170742553.710938,23688910.000000
0137,738090688.000000,544254101.562500,170149892.578125,23686742.000000
0138,735189696.000000,540663085.937500,170848710.937500,23677884.000000
0139,732309824.000000,540986572.265625,167651660.156250,23671640.000000
0140,729858688.000000,539657275.390625,166535595.703125,23665780.000000
0141,727189696.000000,535817871.093750,167713242.187500,23658576.000000
0142,724023104.000000,535503662.109375,164864062.500000,23655336.000000
0143,722169536.000000,534446093.750000,164071025.390625,23652388.000000
0144,721028736.000000,530914453.125000,166465957.031250,23648348.000000
0145,720133888.000000,532122656.250000,164362500.000000,23648758.000000
0146,717494976.000000,530870703.125000,162987099.609375,23637188.000000
0147,715343232.000000,529488037.109375,162222568.359375,23632628.000000
0148,713459712.000000,528686279.296875,161148222.656250,23625232.000000
0149,712486336.000000,525946679.687500,162922412.109375,23617206.000000
0150,709543808.000000,526373193.359375,159556450.195312,23614200.000000
0151,708072704.000000,525737597.656250,158722514.648438,23612580.000000
0152,703889024.000000,522840625.000000,157438051.757812,23610340.000000
0153,701731264.000000,522189404.296875,155938593.750000,23603252.000000
0154,698887296.000000,520305908.203125,154979501.953125,23601858.000000
0155,696997888.000000,519152636.718750,154246787.109375,23598482.000000
0156,694875072.000000,517858593.750000,153425625.000000,23590864.000000
0157,692540288.000000,516259912.109375,152702607.421875,23577786.000000
0158,692950976.000000,512617285.156250,156758085.937500,23575632.000000
0159,690681344.000000,514268408.203125,152837578.125000,23575388.000000
0160,688729856.000000,513867480.468750,151287934.570312,23574420.000000
0161,685952256.000000,512671533.203125,149713623.046875,23567104.000000
0162,683996352.000000,511550976.562500,148882792.968750,23562556.000000
0163,682488512.000000,510065820.312500,148863750.000000,23558960.000000
0164,680661248.000000,508742382.812500,148369716.796875,23549208.000000
0165,679306560.000000,507656982.421875,148100375.976562,23549190.000000
0166,678268224.000000,507542968.750000,147175517.578125,23549740.000000
0167,677005312.000000,506540283.203125,146917792.968750,23547288.000000
0168,675371584.000000,504169189.453125,147663427.734375,23539002.000000
0169,673473920.000000,504797705.078125,145141127.929688,23535100.000000
0170,672166400.000000,504089501.953125,144543530.273438,23533400.000000
0171,670186688.000000,501747509.765625,144909506.835938,23529688.000000
0172,668089984.000000,501441113.281250,143123906.250000,23525000.000000
0173,665657728.000000,499716894.531250,142423652.343750,23517192.000000
0174,662968896.000000,497948974.609375,141508095.703125,23511872.000000
0175,661586880.000000,495848486.328125,142238598.632812,23499848.000000
0176,659719936.000000,496120849.609375,140105478.515625,23493662.000000
0177,658014080.000000,494890136.718750,139624467.773438,23499472.000000
0178,656807552.000000,494010791.015625,139298334.960938,23498400.000000
0179,655327680.000000,493196777.343750,138634863.281250,23496048.000000
0180,653099456.000000,492070410.156250,137537226.562500,23491838.000000
0181,655840000.000000,489508691.406250,142840092.773438,23491216.000000
0182,652183360.000000,491095361.328125,137597314.453125,23490712.000000
0183,650865920.000000,490853857.421875,136525078.125000,23486966.000000
0184,648967296.000000,489246142.578125,136238217.773438,23482936.000000
0185,647282624.000000,488497802.734375,135305698.242188,23479102.000000
0186,645661952.000000,486897119.140625,135289042.968750,23475802.000000
0187,643777920.000000,485561376.953125,134749130.859375,23467418.000000
0188,642440768.000000,485016845.703125,133960122.070312,23463792.000000
0189,641514368.000000,484607128.906250,133446738.281250,23460504.000000
0190,641497728.000000,482282421.875000,135761162.109375,23454164.000000
0191,640355456.000000,483301904.296875,133597353.515625,23456164.000000
0192,638830272.000000,482660595.703125,132723750.000000,23445894.000000
0193,637622272.000000,482112646.484375,132064130.859375,23445496.000000
0194,635623424.000000,481118505.859375,131060991.210938,23443996.000000
0195,634126656.000000,480323095.703125,130362216.796875,23441332.000000
0196,631965248.000000,479012109.375000,129516518.554688,23436594.000000
0197,635771648.000000,475968994.140625,136364077.148438,23438590.000000
0198,631146816.000000,477896386.718750,129814438.476562,23435994.000000
0199,629841920.000000,477269531.250000,129138002.929688,23434392.000000
0200,628441728.000000,476080322.265625,128931577.148438,23429824.000000
0201,627342272.000000,475766650.390625,128149599.609375,23426008.000000
0202,626412224.000000,474322656.250000,128666835.937500,23422714.000000
0203,625002816.000000,474132226.562500,127452246.093750,23418372.000000
0204,623882112.000000,473431396.484375,127035263.671875,23415416.000000
0205,621225344.000000,471339453.125000,126474770.507812,23411134.000000
0206,619838080.000000,470725048.828125,125706679.687500,23406306.000000
0207,619134272.000000,470189160.156250,125539731.445312,23405376.000000
0208,618495872.000000,469677783.203125,125416816.406250,23401268.000000
0209,617796672.000000,468777099.609375,125617382.812500,23402152.000000
0210,616954752.000000,469029980.468750,124522851.562500,23401890.000000
0211,616150400.000000,468708007.812500,124041738.281250,23400616.000000
0212,614239360.000000,467110937.500000,123728583.984375,23399814.000000
0213,612906176.000000,466719140.625000,122793779.296875,23393300.000000
0214,611706112.000000,465394873.046875,122922963.867188,23388290.000000
0215,610216448.000000,464790380.859375,122041728.515625,23384300.000000
0216,609086208.000000,463796679.687500,121911093.750000,23378458.000000
0217,607945280.000000,463211816.406250,121361953.125000,23371536.000000
0218,607075712.000000,462127050.781250,121577160.644531,23371548.000000
0219,606139968.000000,461736035.156250,121032612.304688,23371338.000000
0220,605090048.000000,461042382.812500,120679160.156250,23368530.000000
0221,604154880.000000,460597119.140625,120193820.800781,23363986.000000
0222,602974592.000000,459757910.156250,119855654.296875,23361032.000000
0223,601623104.000000,458978662.109375,119290151.367188,23354308.000000
0224,601017216.000000,457704589.843750,119958515.625000,23354088.000000
0225,599846272.000000,458070361.328125,118422539.062500,23353318.000000
0226,599054144.000000,457626123.046875,118075385.742188,23352628.000000
0227,598081024.000000,456634472.656250,118096523.437500,23350010.000000
0228,596419072.000000,455138134.765625,117933435.058594,23347524.000000
0229,594883392.000000,454438671.875000,117106999.511719,23337756.000000
0230,593964864.000000,453654687.500000,116971933.593750,23338234.000000
0231,593032384.000000,453196191.406250,116499477.539062,23336710.000000
0232,594343104.000000,451542578.125000,119466577.148438,23333976.000000
0233,592400640.000000,452486132.812500,116579780.273438,23334748.000000
0234,591242368.000000,452254589.843750,115658408.203125,23329320.000000
0235,590227008.000000,451419824.218750,115475844.726562,23331324.000000
0236,589051008.000000,450456152.343750,115265888.671875,23328960.000000
0237,588305792.000000,450186083.984375,114794238.281250,23325426.000000
0238,587898496.000000,449509375.000000,115066677.246094,23322400.000000
0239,587089536.000000,449347070.312500,114423903.808594,23318528.000000
0240,585871680.000000,448553955.078125,114002080.078125,23315648.000000
0241,584463424.000000,447576464.843750,113575715.332031,23311240.000000
0242,582983936.000000,446128466.796875,113544477.539062,23310948.000000
0243,582283456.000000,445783056.640625,113194584.960938,23305810.000000
0244,581622144.000000,444872363.281250,113444047.851562,23305700.000000
0245,580920448.000000,445107324.218750,112507368.164062,23305750.000000
0246,580468736.000000,444946386.718750,112217080.078125,23305268.000000
0247,579019712.000000,443626660.156250,112090773.925781,23302292.000000
0248,578292736.000000,443169042.968750,111826896.972656,23296758.000000
0249,577449792.000000,442720898.437500,111432062.988281,23296804.000000
0250,576849152.000000,442330761.718750,111223271.484375,23295120.000000
0251,576385408.000000,441940917.968750,111150864.257812,23293650.000000
0252,574937856.000000,440757275.390625,110891762.695312,23288840.000000
0253,575007232.000000,439382519.531250,112333945.312500,23290750.000000
0254,574175232.000000,440034521.484375,110851406.250000,23289260.000000
0255,573387456.000000,440035693.359375,110066301.269531,23285452.000000
0256,572399680.000000,439001953.125000,110111140.136719,23286600.000000
0257,571866368.000000,438912207.031250,109669006.347656,23285204.000000
0258,570850432.000000,438172851.562500,109396354.980469,23281228.000000
0259,569610240.000000,437192529.296875,109139333.496094,23278314.000000
0260,568628864.000000,436610205.078125,108744477.539062,23274196.000000
0261,567923520.000000,436366162.109375,108284326.171875,23273016.000000
0262,567961536.000000,435115917.968750,109568554.687500,23277026.000000
0263,567487040.000000,435686474.609375,108525864.257812,23274664.000000
0264,566949440.000000,435228027.343750,108447722.167969,23273672.000000
0265,566397568.000000,435043017.578125,108082851.562500,23271672.000000
0266,565524288.000000,434259863.281250,107998066.406250,23266360.000000
0267,564892544.000000,434180566.406250,107451730.957031,23260248.000000
0268,564247872.000000,433563232.421875,107426162.109375,23258492.000000
0269,563490944.000000,432955078.125000,107279040.527344,23256806.000000
0270,562468864.000000,432408447.265625,106806643.066406,23253782.000000
0271,561480128.000000,431438085.937500,106790625.000000,23251412.000000
0272,560399040.000000,430691015.625000,106456999.511719,23250980.000000
0273,559665024.000000,430145800.781250,106270590.820312,23248666.000000
0274,558875904.000000,429738378.906250,105893789.062500,23243764.000000
0275,558550592.000000,428891015.625000,106411245.117188,23248290.000000
0276,557835008.000000,429261230.468750,105327568.359375,23246204.000000
0277,557369088.000000,429080029.296875,105045227.050781,23243846.000000
0278,556749312.000000,428519140.625000,104989511.718750,23240680.000000
0279,556011264.000000,427929541.015625,104842397.460938,23239320.000000
0280,554909248.000000,427223339.843750,104450588.378906,23235336.000000
0281,554294336.000000,426097412.109375,104959819.335938,23237136.000000
0282,553322240.000000,425923193.359375,104164035.644531,23235028.000000
0283,552937344.000000,425931445.312500,103774101.562500,23231776.000000
0284,552844672.000000,425124658.203125,104486630.859375,23233384.000000
0285,552633408.000000,425457666.015625,103943298.339844,23232436.000000
0286,552190592.000000,425213378.906250,103744233.398438,23232976.000000
0287,551226112.000000,424551855.468750,103442277.832031,23231986.000000
0288,550426624.000000,424080664.062500,103114936.523438,23231004.000000
0289,549687232.000000,423198486.328125,103264775.390625,23223982.000000
0290,549031488.000000,423152978.515625,102658652.343750,23219832.000000
0291,548525568.000000,422540673.828125,102759682.617188,23225200.000000
0292,548062848.000000,422484716.796875,102354697.265625,23223488.000000
0293,547558208.000000,422201757.812500,102135417.480469,23221034.000000
0294,547034560.000000,421875830.078125,101938381.347656,23220364.000000
0295,546442624.000000,420896875.000000,102326059.570312,23219706.000000
0296,545588032.000000,420803271.484375,101569035.644531,23215768.000000
0297,545158464.000000,420501074.218750,101440422.363281,23216986.000000
0298,544601216.000000,420085498.046875,101299409.179688,23216338.000000
0299,543983808.000000,419799365.234375,100969123.535156,23215336.000000
0300,543354432.000000,418932031.250000,101212749.023438,23209668.000000
0301,542467968.000000,418892041.015625,100369057.617188,23206896.000000
0302,542123776.000000,418586523.437500,100327932.128906,23209312.000000
0303,541430592.000000,417944824.218750,100277578.125000,23208168.000000
0304,540942080.000000,417597412.109375,100137473.144531,23207196.000000
0305,540488832.000000,417440136.718750,99844995.117188,23203692.000000
0306,540126912.000000,416800488.281250,100124604.492188,23201814.000000
0307,539641792.000000,416747509.765625,99692607.421875,23201670.000000
0308,538904192.000000,416264550.781250,99436677.246094,23202992.000000
0309,537915264.000000,415575976.562500,99136406.250000,23202912.000000
0310,537109824.000000,414794970.703125,99112500.000000,23202364.000000
0311,536594624.000000,414601708.984375,98796708.984375,23196222.000000
0312,536183424.000000,413964453.125000,99023950.195312,23195000.000000
0313,535706496.000000,414036669.921875,98476040.039062,23193800.000000
0314,535323232.000000,413867919.921875,98262414.550781,23192938.000000
0315,534624544.000000,413206201.171875,98225332.031250,23192984.000000
0316,534067776.000000,412845800.781250,98029482.421875,23192512.000000
0317,533615904.000000,412467822.265625,97955002.441406,23193102.000000
0318,533121376.000000,412214990.234375,97714921.875000,23191496.000000
0319,532831392.000000,411924707.031250,97715083.007812,23191610.000000
0320,532303488.000000,411609423.828125,97504035.644531,23190058.000000
0321,531861312.000000,411283691.406250,97387858.886719,23189774.000000
0322,531132736.000000,410872949.218750,97071188.964844,23188584.000000
0323,530601344.000000,410226708.984375,97185498.046875,23189128.000000
0324,529863008.000000,410053662.109375,96623942.871094,23185404.000000
0325,529489440.000000,409732568.359375,96569633.789062,23187236.000000
0326,528963328.000000,409296948.242188,96480673.828125,23185704.000000
0327,528159072.000000,408764941.406250,96211113.281250,23183040.000000
0328,527644224.000000,408068969.726562,96395346.679688,23179888.000000
0329,527251936.000000,408239843.750000,95837109.375000,23174980.000000
0330,526900736.000000,407875097.656250,95849370.117188,23176248.000000
0331,526691808.000000,407796020.507812,95718383.789062,23177386.000000
0332,526334112.000000,407570288.085938,95585302.734375,23178498.000000
0333,525926240.000000,407305859.375000,95441425.781250,23178984.000000
0334,525164832.000000,406608276.367188,95375595.703125,23180972.000000
0335,524687264.000000,406588427.734375,94922885.742188,23175982.000000
0336,524277088.000000,406144628.906250,94957141.113281,23175296.000000
0337,523891200.000000,405869140.625000,94845593.261719,23176460.000000
0338,523346048.000000,405481274.414062,94690532.226562,23174248.000000
0339,522795392.000000,404989550.781250,94632202.148438,23173668.000000
0340,522364064.000000,404594873.046875,94594138.183594,23175052.000000
0341,521976448.000000,404444091.796875,94359675.292969,23172660.000000
0342,521732768.000000,403777270.507812,94780795.898438,23174688.000000
0343,521276448.000000,403913696.289062,94189614.257812,23173166.000000
0344,520933728.000000,403729980.468750,94031982.421875,23171758.000000
0345,520295712.000000,403263085.937500,93862675.781250,23169944.000000
0346,519528320.000000,402558081.054688,93799943.847656,23170300.000000
0347,518974368.000000,402255468.750000,93552150.878906,23166762.000000
0348,518648320.000000,402039355.468750,93440632.324219,23168320.000000
0349,518313792.000000,401835668.945312,93308884.277344,23169232.000000
0350,517964640.000000,401454638.671875,93339440.917969,23170586.000000
0351,517537952.000000,401159570.312500,93212233.886719,23166144.000000
0352,517096992.000000,400853735.351562,93074926.757812,23168352.000000
0353,516708960.000000,400808105.468750,92733413.085938,23167468.000000
0354,516358016.000000,400478564.453125,92714003.906250,23165452.000000
0355,515922240.000000,400331030.273438,92426228.027344,23164964.000000
0356,515409792.000000,399899365.234375,92344130.859375,23166308.000000
0357,514872768.000000,399562231.445312,92146354.980469,23164168.000000
0358,514493952.000000,399106542.968750,92223867.187500,23163558.000000
0359,513999488.000000,398791040.039062,92048320.312500,23160112.000000
0360,513629280.000000,398315258.789062,92154389.648438,23159608.000000
0361,513285248.000000,398319165.039062,91808774.414062,23157316.000000
0362,512998080.000000,397972363.281250,91868041.992188,23157710.000000
0363,512765056.000000,397879101.562500,91728295.898438,23157660.000000
0364,512268416.000000,397558789.062500,91550302.734375,23159336.000000
0365,511735264.000000,397217309.570312,91360971.679688,23156996.000000
0366,511238464.000000,396995458.984375,91082775.878906,23160212.000000
0367,511079808.000000,396496337.890625,91418723.144531,23164724.000000
0368,510672832.000000,396565478.515625,90947578.125000,23159764.000000
0369,510398208.000000,396444506.835938,90794772.949219,23158924.000000
0370,509800928.000000,395888964.843750,90753852.539062,23158120.000000
0371,509419328.000000,395673217.773438,90588435.058594,23157680.000000
0372,509154464.000000,395467724.609375,90529643.554688,23157124.000000
0373,508703424.000000,395114086.914062,90433776.855469,23155572.000000
0374,508375808.000000,394880004.882812,90340935.058594,23154878.000000
0375,507880448.000000,394510327.148438,90217851.562500,23152256.000000
0376,508374816.000000,393803173.828125,91417470.703125,23154164.000000
0377,507674464.000000,394217041.015625,90304914.550781,23152476.000000
0378,507405888.000000,394180664.062500,90075439.453125,23149772.000000
0379,507062624.000000,393992724.609375,89919880.371094,23150028.000000
0380,506675616.000000,393816821.289062,89708730.468750,23150046.000000
0381,506133120.000000,393328686.523438,89653256.835938,23151204.000000
0382,505705760.000000,393179565.429688,89374438.476562,23151776.000000
0383,505456544.000000,392842944.335938,89459882.812500,23153734.000000
0384,505162976.000000,392706176.757812,89304880.371094,23151898.000000
0385,504620192.000000,392286035.156250,89183972.167969,23150164.000000
0386,504203680.000000,392068969.726562,88989858.398438,23144878.000000
0387,503932064.000000,391663476.562500,89122800.292969,23145754.000000
0388,503556640.000000,391580151.367188,88829274.902344,23147192.000000
0389,503250912.000000,391392431.640625,88710893.554688,23147608.000000
0390,502834240.000000,391045458.984375,88641621.093750,23147130.000000
0391,502492160.000000,390600415.039062,88743310.546875,23148424.000000
0392,502256896.000000,390538964.843750,88573183.593750,23144744.000000
0393,502065856.000000,390133740.234375,88787226.562500,23144880.000000
0394,501817376.000000,390193823.242188,88478422.851562,23145108.000000
0395,501517856.000000,390092456.054688,88280383.300781,23145012.000000
0396,501126496.000000,389907104.492188,88072961.425781,23146432.000000
0397,500646720.000000,389438647.460938,88067812.500000,23140252.000000
0398,500190944.000000,389404272.460938,87646831.054688,23139802.000000
0399,500003296.000000,389159643.554688,87701015.625000,23142626.000000
0400,499698112.000000,388927587.890625,87630234.375000,23140300.000000
0401,499334592.000000,388639355.468750,87557885.742188,23137328.000000
0402,498856896.000000,388234985.351562,87484885.253906,23137008.000000
0403,498642080.000000,387856518.554688,87650507.812500,23135062.000000
0404,498352384.000000,387929980.468750,87289643.554688,23132772.000000
0405,498098752.000000,387780004.882812,87182768.554688,23136012.000000
0406,497914656.000000,387532397.460938,87244746.093750,23137528.000000
0407,497668096.000000,387356884.765625,87173862.304688,23137356.000000
0408,497126272.000000,386915893.554688,87077211.914062,23133160.000000
0409,496733408.000000,386750341.796875,86852724.609375,23130346.000000
0410,496458848.000000,386433593.750000,86894575.195312,23130648.000000
0411,496196384.000000,386297851.562500,86767690.429688,23130840.000000
0412,495808512.000000,386026342.773438,86650356.445312,23131800.000000
0413,495431392.000000,385720703.125000,86577824.707031,23132864.000000
0414,495181088.000000,385443579.101562,86604726.562500,23132772.000000
0415,494942080.000000,385380737.304688,86432255.859375,23129086.000000
0416,494744704.000000,385143139.648438,86470634.765625,23130956.000000
0417,494501056.000000,385045458.984375,86324296.875000,23131304.000000
0418,494128160.000000,384817919.921875,86180339.355469,23129880.000000
0419,493788576.000000,384622802.734375,86035971.679688,23129780.000000
0420,493519840.000000,384268115.234375,86121013.183594,23130692.000000
0421,493224032.000000,384154687.500000,85941123.046875,23128220.000000
0422,492993280.000000,383965332.031250,85899873.046875,23128054.000000
0423,492717024.000000,383779589.843750,85809396.972656,23128036.000000
0424,492400864.000000,383441040.039062,85835654.296875,23124172.000000
0425,492067808.000000,383413378.906250,85533603.515625,23120828.000000
0426,491863904.000000,383154931.640625,85583847.656250,23125124.000000
0427,491702208.000000,383147875.976562,85430083.007812,23124256.000000
0428,491406688.000000,382944165.039062,85340478.515625,23122044.000000
0429,491139680.000000,382802612.304688,85215637.207031,23121416.000000
0430,490857568.000000,382464257.812500,85271132.812500,23122176.000000
0431,490535360.000000,382245629.882812,85167458.496094,23122288.000000
0432,490210368.000000,382023681.640625,85065996.093750,23120716.000000
0433,489930144.000000,381944750.976562,84865773.925781,23119658.000000
0434,489811328.000000,381636596.679688,85052900.390625,23121834.000000
0435,489584352.000000,381692846.679688,84770947.265625,23120566.000000
0436,489392512.000000,381621484.375000,84651298.828125,23119740.000000
0437,488965664.000000,381319262.695312,84525629.882812,23120768.000000
0438,488469728.000000,380953808.593750,84399558.105469,23116344.000000
0439,488234592.000000,380452368.164062,84660761.718750,23121454.000000
0440,487989184.000000,380525341.796875,84347087.402344,23116746.000000
0441,487804320.000000,380373803.710938,84315893.554688,23114612.000000
0442,487676544.000000,380299194.335938,84262185.058594,23115164.000000
0443,487451424.000000,380111523.437500,84223344.726562,23116584.000000
0444,487208480.000000,379964233.398438,84127763.671875,23116518.000000
0445,486784704.000000,379455468.750000,84209816.894531,23119416.000000
0446,486509856.000000,379468847.656250,83927512.207031,23113502.000000
0447,486309536.000000,379291845.703125,83902177.734375,23115528.000000
0448,486147840.000000,379120751.953125,83909538.574219,23117552.000000
0449,485952640.000000,379006079.101562,83828920.898438,23117646.000000
0450,485556576.000000,378622338.867188,83817377.929688,23116864.000000
0451,485286016.000000,378580883.789062,83588232.421875,23116910.000000
0452,485124384.000000,378482177.734375,83526372.070312,23115834.000000
0453,484890496.000000,378333325.195312,83443417.968750,23113752.000000
0454,484745696.000000,378180249.023438,83451687.011719,23113754.000000
0455,484472384.000000,377970458.984375,83391306.152344,23110616.000000
0456,484300480.000000,377784863.281250,83404680.175781,23110944.000000
0457,484005440.000000,377562817.382812,83333334.960938,23109276.000000
0458,483778688.000000,377283251.953125,83383901.367188,23111528.000000
0459,483483456.000000,377214355.468750,83155949.707031,23113164.000000
0460,483317792.000000,377111743.164062,83093745.117188,23112292.000000
0461,483086656.000000,376981127.929688,82992780.761719,23112766.000000
0462,482772160.000000,376745825.195312,82914096.679688,23112264.000000
0463,482471968.000000,376599096.679688,82760910.644531,23111964.000000
0464,482274464.000000,376375341.796875,82785490.722656,23113636.000000
0465,482004736.000000,376258203.125000,82636940.917969,23109564.000000
0466,481701664.000000,375970605.468750,82619648.437500,23111410.000000
0467,481414080.000000,375830371.093750,82478334.960938,23105364.000000
0468,481227168.000000,375667358.398438,82453505.859375,23106312.000000
0469,481032512.000000,375536914.062500,82387609.863281,23107952.000000
0470,480925056.000000,375306201.171875,82510305.175781,23108546.000000
0471,480678816.000000,375311083.984375,82261750.488281,23105988.000000
0472,480497856.000000,375205175.781250,82186728.515625,23105944.000000
0473,480305952.000000,375026000.976562,82174182.128906,23105758.000000
0474,480021504.000000,374876660.156250,82039299.316406,23105526.000000
0475,479761824.000000,374654492.187500,82001484.375000,23105810.000000
0476,479528640.000000,374583251.953125,81841611.328125,23103768.000000
0477,479389376.000000,374405175.781250,81880371.093750,23103812.000000
0478,479191872.000000,374365771.484375,81722805.175781,23103292.000000
0479,478955264.000000,374207592.773438,81644150.390625,23103510.000000
0480,478702912.000000,374043334.960938,81556523.437500,23103064.000000
0481,478425280.000000,373751513.671875,81567436.523438,23106308.000000
0482,478160608.000000,373584008.789062,81472573.242188,23104030.000000
0483,478026560.000000,373341821.289062,81579785.156250,23104944.000000
0484,477819520.000000,373289013.671875,81426108.398438,23104392.000000
0485,477606112.000000,373165917.968750,81338459.472656,23101720.000000
0486,477403584.000000,373030297.851562,81273046.875000,23100240.000000
0487,477211712.000000,372921215.820312,81191542.968750,23098928.000000
0488,477016832.000000,372745947.265625,81172390.136719,23098496.000000
0489,476810816.000000,372686181.640625,81028864.746094,23095788.000000
0490,476658048.000000,372497436.523438,81061794.433594,23098822.000000
0491,476490432.000000,372410668.945312,80979550.781250,23100238.000000
0492,476258048.000000,372200366.210938,80958273.925781,23099420.000000
0493,476070944.000000,372147875.976562,80822915.039062,23100172.000000
0494,475881728.000000,371983593.750000,80796181.640625,23101962.000000
0495,475659360.000000,371873583.984375,80685058.593750,23100724.000000
0496,475394624.000000,371668212.890625,80626918.945312,23099486.000000
0497,475119072.000000,371499145.507812,80523559.570312,23096396.000000
0498,474972800.000000,371357299.804688,80520541.992188,23094952.000000
0499,474714592.000000,371112963.867188,80508303.222656,23093348.000000
0500,474614656.000000,370806396.484375,80713520.507812,23094704.000000
0501,474354304.000000,370879077.148438,80384238.281250,23090992.000000
0502,474231360.000000,370812646.484375,80325761.718750,23092956.000000
0503,474134848.000000,370718090.820312,80322641.601562,23094128.000000
0504,474014976.000000,370650659.179688,80269335.937500,23094974.000000
0505,473747456.000000,370458422.851562,80195156.250000,23093866.000000
0506,473528416.000000,370265014.648438,80167683.105469,23095724.000000
0507,473344864.000000,370180395.507812,80072739.257812,23091750.000000
0508,473184960.000000,370029516.601562,80066250.000000,23089216.000000
0509,473056288.000000,369951904.296875,80017221.679688,23087176.000000
0510,472995168.000000,369615649.414062,80290883.789062,23088628.000000
0511,472919680.000000,369742456.054688,80089416.503906,23087800.000000
0512,472715072.000000,369686791.992188,79939812.011719,23088496.000000
0513,472565248.000000,369621899.414062,79854389.648438,23088952.000000
0514,472264576.000000,369436230.468750,79736704.101562,23091658.000000
0515,472080192.000000,369338696.289062,79652358.398438,23089168.000000
0516,471942528.000000,369315698.242188,79539382.324219,23087428.000000
0517,471842528.000000,369035888.671875,79718906.250000,23087726.000000
0518,471694752.000000,369091625.976562,79516611.328125,23086528.000000
0519,471614368.000000,369050854.492188,79478232.421875,23085280.000000
0520,471392512.000000,368843920.898438,79465297.851562,23083256.000000
0521,471151936.000000,368626391.601562,79442592.773438,23082940.000000
0522,470880384.000000,368410595.703125,79385463.867188,23084324.000000
0523,470698464.000000,368261254.882812,79353596.191406,23083620.000000
0524,470523552.000000,368198339.843750,79240283.203125,23084920.000000
0525,470409504.000000,368047387.695312,79276069.335938,23086052.000000
0526,470307808.000000,368043041.992188,79181535.644531,23083224.000000
0527,470192512.000000,367949609.375000,79159064.941406,23083830.000000
0528,470039392.000000,367809716.796875,79146679.687500,23082970.000000
0529,469922688.000000,367789648.437500,79051596.679688,23081424.000000
0530,469701248.000000,367638037.109375,78984858.398438,23078334.000000
0531,469502176.000000,367477685.546875,78942524.414062,23081948.000000
0532,469348928.000000,367394677.734375,78874116.210938,23080130.000000
0533,469186272.000000,367262841.796875,78842519.531250,23080910.000000
0534,468979776.000000,367134228.515625,78765996.093750,23079556.000000
0535,468986144.000000,366839501.953125,79062773.437500,23083864.000000
0536,468870240.000000,366972851.562500,78815800.781250,23081568.000000
0537,468690656.000000,366914526.367188,78694936.523438,23081184.000000
0538,468517984.000000,366840136.718750,78600329.589844,23077550.000000
0539,468328672.000000,366730932.617188,78519543.457031,23078178.000000
0540,468191168.000000,366677172.851562,78435878.906250,23078100.000000
0541,468070784.000000,366511499.023438,78479699.707031,23079626.000000
0542,467913536.000000,366407470.703125,78427207.031250,23078880.000000
0543,467778240.000000,366297875.976562,78401865.234375,23078500.000000
0544,467542912.000000,366096264.648438,78371718.750000,23074956.000000
0545,467317920.000000,365936132.812500,78306789.550781,23075012.000000
0546,467137728.000000,365753222.656250,78310122.070312,23074404.000000
0547,467026912.000000,365800854.492188,78153662.109375,23072376.000000
0548,466929696.000000,365719165.039062,78135483.398438,23075028.000000
0549,466811360.000000,365615405.273438,78118000.488281,23077988.000000
0550,466695264.000000,365552856.445312,78063808.593750,23078578.000000
0551,466464160.000000,365373779.296875,78013439.941406,23076922.000000
0552,466261856.000000,365273754.882812,77913676.757812,23074404.000000
0553,466123296.000000,365098828.125000,77952114.257812,23072340.000000
0554,465995072.000000,365086865.234375,77837695.312500,23070492.000000
0555,465862848.000000,364975708.007812,77816638.183594,23070512.000000
0556,465630496.000000,364770629.882812,77792915.039062,23066970.000000
0557,465460352.000000,364693359.375000,77696286.621094,23070704.000000
0558,465375168.000000,364630957.031250,77673544.921875,23070680.000000
0559,465219776.000000,364524804.687500,77625761.718750,23069212.000000
0560,465090048.000000,364441430.664062,77579772.949219,23068822.000000
0561,464899456.000000,364343408.203125,77489135.742188,23066884.000000
0562,464788416.000000,364129028.320312,77587910.156250,23071472.000000
0563,464642112.000000,364157641.601562,77415131.835938,23069352.000000
0564,464542624.000000,364091210.937500,77383520.507812,23067896.000000
0565,464466880.000000,364012207.031250,77386940.917969,23067728.000000
0566,464367168.000000,363935058.593750,77365166.015625,23066956.000000
0567,464155616.000000,363735571.289062,77352949.218750,23067064.000000
0568,463939936.000000,363632666.015625,77241943.359375,23065304.000000
0569,463785920.000000,363463134.765625,77256225.585938,23066576.000000
0570,463630752.000000,363416577.148438,77147907.714844,23066272.000000
0571,463519104.000000,363311157.226562,77141916.503906,23066020.000000
0572,463383232.000000,363253393.554688,77065297.851562,23064520.000000
0573,463187840.000000,363108154.296875,77016218.261719,23063444.000000
0574,463001792.000000,362964282.226562,76975297.851562,23062196.000000
0575,462865024.000000,362906713.867188,76898122.558594,23060176.000000
0576,462771648.000000,362672851.562500,77036235.351562,23062568.000000
0577,462637216.000000,362689819.335938,76885063.476562,23062330.000000
0578,462562176.000000,362659936.523438,76841345.214844,23060890.000000
0579,462383936.000000,362540917.968750,76782048.339844,23060976.000000
0580,462231680.000000,362502978.515625,76669804.687500,23058894.000000
0581,462071264.000000,362392114.257812,76620109.863281,23059042.000000
0582,461929472.000000,362324560.546875,76545966.796875,23058936.000000
0583,461816672.000000,362156591.796875,76600517.578125,23059590.000000
0584,461659712.000000,362080053.710938,76521379.394531,23058264.000000
0585,461520384.000000,361984057.617188,76476958.007812,23059368.000000
0586,461344992.000000,361853466.796875,76435839.843750,23055688.000000
0587,461211744.000000,361791088.867188,76364443.359375,23056204.000000
0588,461097344.000000,361694433.593750,76346660.156250,23056268.000000
0589,460958656.000000,361636376.953125,76268657.226562,23053620.000000
0590,460855296.000000,361522778.320312,76278837.890625,23053680.000000
0591,460713408.000000,361430615.234375,76229384.765625,23053424.000000
0592,460540800.000000,361284594.726562,76202285.156250,23053882.000000
0593,460343008.000000,361173413.085938,76116313.476562,23053292.000000
0594,460164928.000000,361015136.718750,76093029.785156,23056778.000000
0595,460002464.000000,360973803.710938,75975791.015625,23052896.000000
0596,459887744.000000,360821215.820312,76010727.539062,23055816.000000
0597,459788928.000000,360827368.164062,75907331.542969,23054252.000000
0598,459709280.000000,360738037.109375,75919379.882812,23051868.000000
0599,459638080.000000,360672900.390625,75914663.085938,23050524.000000
0600,459468416.000000,360503222.656250,75915541.992188,23049638.000000
0601,459291456.000000,360381909.179688,75860771.484375,23048784.000000
0602,459152096.000000,360329077.148438,75773181.152344,23049828.000000
0603,459037248.000000,360278198.242188,75707563.476562,23051480.000000
0604,458905280.000000,360226513.671875,75627355.957031,23051400.000000
0605,458807168.000000,360043603.515625,75711218.261719,23052344.000000
0606,458659712.000000,360036376.953125,75574790.039062,23048550.000000
0607,458590656.000000,359972412.109375,75569948.730469,23048280.000000
0608,458438048.000000,359810351.562500,75581081.542969,23046630.000000
0609,458291168.000000,359704736.328125,75539458.007812,23046968.000000
0610,458183968.000000,359640429.687500,75497519.531250,23046048.000000
0611,458070464.000000,359603564.453125,75420791.015625,23046112.000000
0612,457977216.000000,359512036.132812,75417905.273438,23047280.000000
0613,457843360.000000,359456372.070312,75339565.429688,23047380.000000
0614,457710528.000000,359360644.531250,75302490.234375,23047398.000000
0615,457545760.000000,359243798.828125,75258310.546875,23043656.000000
0616,457441216.000000,359136669.921875,75257182.617188,23047360.000000
0617,457320256.000000,359117431.640625,75157976.074219,23044832.000000
0618,457223744.000000,359002197.265625,75178666.992188,23042868.000000
0619,457132000.000000,358996777.343750,75093134.765625,23042068.000000
0620,457057344.000000,358939819.335938,75075432.128906,23042124.000000
0621,456901312.000000,358762304.687500,75095507.812500,23043510.000000
0622,456793088.000000,358739501.953125,75012780.761719,23040842.000000
0623,456691424.000000,358656738.281250,74993928.222656,23040776.000000
0624,456537088.000000,358535424.804688,74960039.062500,23041636.000000
0625,456413472.000000,358464550.781250,74908505.859375,23040420.000000
0626,456297280.000000,358410205.078125,74846762.695312,23040312.000000
0627,456208352.000000,358313232.421875,74854577.636719,23040530.000000
0628,456109280.000000,358271411.132812,74798994.140625,23038872.000000
0629,456024736.000000,358185595.703125,74800554.199219,23038600.000000
0630,455911744.000000,358123730.468750,74749790.039062,23038192.000000
0631,455752000.000000,358029077.148438,74686398.925781,23036516.000000
0632,455627392.000000,357896313.476562,74693298.339844,23037776.000000
0633,455514944.000000,357897119.140625,74581450.195312,23036372.000000
0634,455448320.000000,357833398.437500,74578608.398438,23036276.000000
0635,455336480.000000,357748754.882812,74552687.988281,23035038.000000
0636,455214080.000000,357572631.835938,74602192.382812,23039242.000000
0637,455062688.000000,357525195.312500,74503945.312500,23033568.000000
0638,454977088.000000,357499047.851562,74443454.589844,23034592.000000
0639,454873152.000000,357390161.132812,74448706.054688,23034266.000000
0640,454766752.000000,357381860.351562,74351396.484375,23033500.000000
0641,454678944.000000,357320239.257812,74324963.378906,23033770.000000
0642,454514080.000000,357197558.593750,74283618.164062,23032898.000000
0643,454382752.000000,357094018.554688,74255874.023438,23032874.000000
0644,454286208.000000,357021313.476562,74233381.347656,23031530.000000
0645,454184000.000000,356946020.507812,74208874.511719,23029112.000000
0646,454103680.000000,356869531.250000,74203894.042969,23030224.000000
0647,453953792.000000,356764111.328125,74158491.210938,23031216.000000
0648,453851936.000000,356690771.484375,74128769.531250,23032378.000000
0649,453774816.000000,356691528.320312,74052260.742188,23031052.000000
0650,453712608.000000,356622290.039062,74059387.207031,23030920.000000
0651,453656672.000000,356622875.976562,74004001.464844,23029786.000000
0652,453580352.000000,356573925.781250,73977414.550781,23029036.000000
0653,453443648.000000,356448803.710938,73966582.031250,23028252.000000
0654,453298944.000000,356350219.726562,73922644.042969,23026080.000000
0655,453168928.000000,356199316.406250,73942712.402344,23026890.000000
0656,453055552.000000,356158496.093750,73871506.347656,23025534.000000
0657,452985984.000000,356080981.445312,73879628.906250,23025328.000000
0658,452889344.000000,356037011.718750,73827355.957031,23024956.000000
0659,452771072.000000,355962182.617188,73782905.273438,23025980.000000
0660,452667776.000000,355922021.484375,73721008.300781,23024772.000000
0661,452598688.000000,355856005.859375,73716459.960938,23026236.000000
0662,452496896.000000,355781665.039062,73689301.757812,23025924.000000
0663,452392512.000000,355673437.500000,73693088.378906,23025968.000000
0664,452275072.000000,355602807.617188,73649194.335938,23023066.000000
0665,452183136.000000,355528955.078125,73630766.601562,23023392.000000
0666,452052416.000000,355439990.234375,73590007.324219,23022400.000000
0667,451928928.000000,355343725.585938,73561860.351562,23023352.000000
0668,451822176.000000,355286352.539062,73515439.453125,23020388.000000
0669,451759552.000000,355298168.945312,73442534.179688,23018848.000000
0670,451708640.000000,355218847.656250,73469194.335938,23020612.000000
0671,451635200.000000,355158032.226562,73455937.500000,23021230.000000
0672,451488960.000000,355021606.445312,73445859.375000,23021500.000000
0673,451333568.000000,354914135.742188,73399980.468750,23019456.000000
0674,451197280.000000,354820971.679688,73354804.687500,23021490.000000
0675,451113440.000000,354820874.023438,73274414.062500,23018136.000000
0676,451065344.000000,354771044.921875,73276069.335938,23018256.000000
0677,450978880.000000,354711743.164062,73248413.085938,23018724.000000
0678,450872608.000000,354622705.078125,73231816.406250,23018090.000000
0679,450752192.000000,354523364.257812,73211557.617188,23017280.000000
0680,450682784.000000,354466186.523438,73199633.789062,23016990.000000
0681,450618112.000000,354438183.593750,73163276.367188,23016624.000000
0682,450488032.000000,354315087.890625,73156289.062500,23016666.000000
0683,450405216.000000,354330029.296875,73059880.371094,23015314.000000
0684,450336896.000000,354263745.117188,73056577.148438,23016572.000000
0685,450247232.000000,354170336.914062,73060627.441406,23016250.000000
0686,450176320.000000,354150878.906250,73009665.527344,23015768.000000
0687,450069184.000000,354077783.203125,72976479.492188,23014924.000000
0688,449964992.000000,354016479.492188,72933500.976562,23015000.000000
0689,449881408.000000,353951806.640625,72915556.640625,23014060.000000
0690,449796704.000000,353910986.328125,72872607.421875,23013114.000000
0691,449709312.000000,353812963.867188,72883359.375000,23012980.000000
0692,449622240.000000,353783203.125000,72828383.789062,23010664.000000
0693,449547392.000000,353718823.242188,72816855.468750,23011716.000000
0694,449425888.000000,353605395.507812,72811303.710938,23009180.000000
0695,449344320.000000,353552319.335938,72777246.093750,23014748.000000
0696,449263872.000000,353531884.765625,72720446.777344,23011540.000000
0697,449169760.000000,353436645.507812,72723786.621094,23009338.000000
0698,449110112.000000,353436962.890625,72665969.238281,23007204.000000
0699,449045248.000000,353384228.515625,72652177.734375,23008824.000000
0700,448935296.000000,353259570.312500,72664555.664062,23011168.000000
0701,448848768.000000,353237377.929688,72601215.820312,23010162.000000
0702,448779520.000000,353187207.031250,72584538.574219,23007772.000000
0703,448667936.000000,353075732.421875,72586472.167969,23005732.000000
0704,448579200.000000,353026000.976562,72548803.710938,23004372.000000
0705,448483552.000000,352964697.265625,72513771.972656,23005084.000000
0706,448382336.000000,352891088.867188,72486533.203125,23004718.000000
0707,448312864.000000,352873486.328125,72434589.843750,23004798.000000
0708,448257344.000000,352837304.687500,72415026.855469,23005002.000000
0709,448162816.000000,352757641.601562,72401733.398438,23003448.000000
0710,448088992.000000,352687744.140625,72396540.527344,23004692.000000
0711,448031904.000000,352676806.640625,72352045.898438,23003026.000000
0712,447987136.000000,352568945.312500,72414294.433594,23003864.000000
0713,447936640.000000,352587670.898438,72345629.882812,23003324.000000
0714,447894144.000000,352576000.976562,72315073.242188,23003088.000000
0715,447806592.000000,352518383.789062,72285065.917969,23003176.000000
0716,447710944.000000,352468115.234375,72240139.160156,23002702.000000
0717,447607616.000000,352393432.617188,72212900.390625,23001284.000000
0718,447524608.000000,352326489.257812,72196582.031250,23001520.000000
0719,447473024.000000,352306445.312500,72165988.769531,23000624.000000
0720,447397376.000000,352230810.546875,72166274.414062,23000280.000000
0721,447333696.000000,352206982.421875,72127976.074219,22998748.000000
0722,447266208.000000,352126928.710938,72138515.625000,23000744.000000
0723,447183552.000000,352079150.390625,72103374.023438,23001038.000000
0724,447103616.000000,352038208.007812,72066093.750000,22999298.000000
0725,447013792.000000,351959765.625000,72054008.789062,23000012.000000
0726,446955712.000000,351935668.945312,72025166.015625,22994884.000000
0727,446893280.000000,351910156.250000,71986787.109375,22996358.000000
0728,446835776.000000,351827514.648438,72009726.562500,22998522.000000
0729,446781248.000000,351809033.203125,71974028.320312,22998204.000000
0730,446731104.000000,351768896.484375,71963825.683594,22998364.000000
0731,446654496.000000,351726928.710938,71929716.796875,22997816.000000
0732,446579232.000000,351698437.500000,71883295.898438,22997494.000000
0733,446480800.000000,351620458.984375,71863674.316406,22996672.000000
0734,446405024.000000,351578417.968750,71830524.902344,22996078.000000
0735,446345568.000000,351526953.125000,71822563.476562,22996052.000000
0736,446261248.000000,351441113.281250,71825090.332031,22995028.000000
0737,446224128.000000,351402563.476562,71826899.414062,22994688.000000
0738,446149792.000000,351378393.554688,71775681.152344,22995708.000000
0739,446100736.000000,351351342.773438,71753701.171875,22995724.000000
0740,446053952.000000,351326928.710938,71731940.917969,22995068.000000
0741,445978112.000000,351273486.328125,71710129.394531,22994488.000000
0742,445890336.000000,351244775.390625,71654428.710938,22991144.000000
0743,445838784.000000,351115625.000000,71725568.847656,22997616.000000
0744,445762368.000000,351153540.039062,71615756.835938,22993080.000000
0745,445727968.000000,351127001.953125,71608608.398438,22992362.000000
0746,445674432.000000,351073291.015625,71608542.480469,22992610.000000
0747,445615232.000000,351020019.531250,71602082.519531,22993110.000000
0748,445528512.000000,350938671.875000,71595285.644531,22994572.000000
0749,445506816.000000,350854980.468750,71658339.843750,22993520.000000
0750,445412896.000000,350892675.781250,71527954.101562,22992300.000000
0751,445378112.000000,350865234.375000,71519670.410156,22993192.000000
0752,445330432.000000,350822143.554688,71514902.343750,22993370.000000
0753,445263904.000000,350764575.195312,71506105.957031,22993228.000000
0754,445179264.000000,350711596.679688,71475607.910156,22992056.000000
0755,445078144.000000,350647045.898438,71440209.960938,22990916.000000
0756,445007008.000000,350575463.867188,71440986.328125,22990568.000000
0757,444958176.000000,350549072.265625,71418984.375000,22990098.000000
0758,444904000.000000,350495874.023438,71417937.011719,22990206.000000
0759,444849312.000000,350467407.226562,71392302.246094,22989586.000000
0760,444773152.000000,350385961.914062,71396293.945312,22990900.000000
0761,444693344.000000,350366186.523438,71338483.886719,22988704.000000
0762,444639360.000000,350320068.359375,71330104.980469,22989172.000000
0763,444572800.000000,350271948.242188,71311911.621094,22988968.000000
0764,444499648.000000,350221411.132812,71290737.304688,22987532.000000
0765,444432448.000000,350167724.609375,71275561.523438,22989168.000000
0766,444378496.000000,350157202.148438,71232890.625000,22988392.000000
0767,444336128.000000,350094824.218750,71252607.421875,22988700.000000
0768,444282880.000000,350066430.664062,71228107.910156,22988368.000000
0769,444195840.000000,350001171.875000,71206376.953125,22988298.000000
0770,444131264.000000,349928100.585938,71214023.437500,22989152.000000
0771,444059680.000000,349932568.359375,71140971.679688,22986140.000000
0772,444011744.000000,349894628.906250,71129428.710938,22987676.000000
0773,443936576.000000,349830639.648438,71118596.191406,22987362.000000
0774,443872608.000000,349792797.851562,71091884.765625,22987924.000000
0775,443802336.000000,349726562.500000,71089724.121094,22986058.000000
0776,443740544.000000,349704589.843750,71050451.660156,22985536.000000
0777,443687680.000000,349662890.625000,71038579.101562,22986246.000000
0778,443607136.000000,349599731.445312,71022216.796875,22985194.000000
0779,443534880.000000,349555883.789062,70994472.656250,22984548.000000
0780,443478688.000000,349509497.070312,70983537.597656,22985624.000000
0781,443434368.000000,349486010.742188,70964106.445312,22984240.000000
0782,443379904.000000,349427148.437500,70968229.980469,22984534.000000
0783,443318656.000000,349408789.062500,70926628.417969,22983230.000000
0784,443258496.000000,349366235.351562,70908933.105469,22983340.000000
0785,443201568.000000,349321484.375000,70895529.785156,22984580.000000
0786,443157632.000000,349321411.132812,70853510.742188,22982734.000000
0787,443111424.000000,349271728.515625,70856469.726562,22983200.000000
0788,443044064.000000,349206469.726562,70853906.250000,22983720.000000
0789,442966592.000000,349156738.281250,70827956.542969,22981904.000000
0790,442897792.000000,349084033.203125,70829084.472656,22984668.000000
0791,442887552.000000,349040283.203125,70868415.527344,22978850.000000
0792,442834304.000000,349058764.648438,70794082.031250,22981468.000000
0793,442778272.000000,349051123.046875,70747148.437500,22980004.000000
0794,442731424.000000,349003515.625000,70746694.335938,22981218.000000
0795,442680096.000000,348964794.921875,70733452.148438,22981856.000000
0796,442633408.000000,348934741.210938,70716108.398438,22982518.000000
0797,442558944.000000,348881323.242188,70696420.898438,22981228.000000
0798,442495328.000000,348823535.156250,70691059.570312,22980780.000000
0799,442444864.000000,348806396.484375,70658671.875000,22979760.000000
0800,442402560.000000,348768798.828125,70654145.507812,22979632.000000
0801,442347360.000000,348736352.539062,70631762.695312,22979230.000000
0802,442274336.000000,348671459.960938,70623193.359375,22979680.000000
0803,442198432.000000,348627099.609375,70591772.460938,22979552.000000
0804,442147968.000000,348589282.226562,70580969.238281,22977724.000000
0805,442098208.000000,348544897.460938,70573835.449219,22979484.000000
0806,442040576.000000,348529321.289062,70534204.101562,22977060.000000
0807,441986400.000000,348479077.148438,70527817.382812,22979530.000000
0808,441922976.000000,348441113.281250,70502182.617188,22979688.000000
0809,441852320.000000,348359985.351562,70513659.667969,22978644.000000
0810,441808256.000000,348357495.117188,70473801.269531,22976958.000000
0811,441764096.000000,348330004.882812,70457365.722656,22976708.000000
0812,441732224.000000,348271704.101562,70482963.867188,22977532.000000
0813,441700736.000000,348262695.312500,70461166.992188,22976912.000000
0814,441643392.000000,348223876.953125,70442329.101562,22977176.000000
0815,441580896.000000,348196850.585938,70406315.917969,22977724.000000
0816,441524288.000000,348161401.367188,70387456.054688,22975438.000000
0817,441470816.000000,348119262.695312,70374096.679688,22977452.000000
0818,441429920.000000,348095556.640625,70357661.132812,22976708.000000
0819,441377056.000000,348036157.226562,70365146.484375,22975740.000000
0820,441329504.000000,348017407.226562,70337387.695312,22974720.000000
0821,441274592.000000,347961816.406250,70336230.468750,22976532.000000
0822,441207776.000000,347928271.484375,70304575.195312,22974946.000000
0823,441158432.000000,347864770.507812,70315898.437500,22977768.000000
0824,441101152.000000,347868774.414062,70258337.402344,22974056.000000
0825,441059520.000000,347841259.765625,70243754.882812,22974520.000000
0826,441006336.000000,347774951.171875,70255817.871094,22975584.000000
0827,440959648.000000,347759838.867188,70224257.812500,22975540.000000
0828,440903456.000000,347722216.796875,70205917.968750,22975328.000000
0829,440834368.000000,347672534.179688,70187504.882812,22974324.000000
0830,440792736.000000,347630859.375000,70187841.796875,22974052.000000
0831,440740096.000000,347620898.437500,70144929.199219,22974278.000000
0832,440708000.000000,347595678.710938,70138359.375000,22973954.000000
0833,440668096.000000,347570288.085938,70124560.546875,22973234.000000
0834,440614336.000000,347526855.468750,70113186.035156,22974312.000000
0835,440554560.000000,347504223.632812,70078974.609375,22971360.000000
0836,440510208.000000,347456591.796875,70079597.167969,22974010.000000
0837,440465856.000000,347439892.578125,70053339.843750,22972600.000000
0838,440417824.000000,347396264.648438,70050161.132812,22971430.000000
0839,440359968.000000,347342138.671875,70046052.246094,22971788.000000
0840,440343328.000000,347314282.226562,70061301.269531,22967740.000000
0841,440280352.000000,347304321.289062,70006530.761719,22969496.000000
0842,440256672.000000,347278100.585938,70007285.156250,22971264.000000
0843,440211008.000000,347249438.476562,69988791.503906,22972756.000000
0844,440166368.000000,347211889.648438,69982485.351562,22971962.000000
0845,440113600.000000,347204638.671875,69939448.242188,22969506.000000
0846,440074144.000000,347171777.343750,69932614.746094,22969754.000000
0847,440018400.000000,347116064.453125,69933010.253906,22969320.000000
0848,439966880.000000,347079370.117188,69917827.148438,22969684.000000
0849,439920544.000000,347049023.437500,69901582.031250,22969964.000000
0850,439879232.000000,347024096.679688,69885739.746094,22969420.000000
0851,439832352.000000,346988647.460938,69873471.679688,22970240.000000
0852,439784416.000000,346957006.835938,69859958.496094,22967444.000000
0853,439758240.000000,346874780.273438,69911337.890625,22972132.000000
0854,439699520.000000,346903735.351562,69827336.425781,22968444.000000
0855,439671744.000000,346879028.320312,69824018.554688,22968692.000000
0856,439639712.000000,346853979.492188,69817382.812500,22968340.000000
0857,439607328.000000,346828881.835938,69809165.039062,22969240.000000
0858,439553920.000000,346778051.757812,69805517.578125,22970362.000000
0859,439498336.000000,346752954.101562,69775034.179688,22970346.000000
0860,439456256.000000,346724951.171875,69761989.746094,22969314.000000
0861,439414784.000000,346697998.046875,69749992.675781,22966820.000000
0862,439375648.000000,346660693.359375,69748022.460938,22966926.000000
0863,439327264.000000,346620971.679688,69739357.910156,22966948.000000
0864,439269504.000000,346579418.945312,69722922.363281,22967172.000000
0865,439214080.000000,346543823.242188,69702963.867188,22967300.000000
0866,439169504.000000,346518310.546875,69684228.515625,22966976.000000
0867,439129632.000000,346493652.343750,69669008.789062,22966952.000000
0868,439084064.000000,346458984.375000,69658901.367188,22966176.000000
0869,439048384.000000,346402929.687500,69676303.710938,22969152.000000
0870,439006720.000000,346410473.632812,69630454.101562,22965792.000000
0871,438978816.000000,346368945.312500,69643491.210938,22966384.000000
0872,438951072.000000,346352661.132812,69632263.183594,22966152.000000
0873,438900864.000000,346313403.320312,69621240.234375,22966216.000000
0874,438847808.000000,346296313.476562,69585556.640625,22965922.000000
0875,438799424.000000,346261621.093750,69571926.269531,22965860.000000
0876,438758144.000000,346229663.085938,69563254.394531,22965224.000000
0877,438718912.000000,346197509.765625,69556186.523438,22965220.000000
0878,438682112.000000,346176220.703125,69540761.718750,22965132.000000
0879,438630784.000000,346118383.789062,69545559.082031,22966856.000000
0880,438595392.000000,346120800.781250,69510541.992188,22964044.000000
0881,438563776.000000,346097192.382812,69501511.230469,22965084.000000
0882,438514240.000000,346060278.320312,69488100.585938,22965860.000000
0883,438471072.000000,346036010.742188,69469804.687500,22965272.000000
0884,438421664.000000,346002490.234375,69454680.175781,22964476.000000
0885,438385248.000000,345940576.171875,69479458.007812,22965220.000000
0886,438350016.000000,345937451.171875,69448330.078125,22964252.000000
0887,438323040.000000,345914404.296875,69444133.300781,22964506.000000
0888,438285184.000000,345892016.601562,69429008.789062,22964156.000000
0889,438245696.000000,345862353.515625,69418820.800781,22964496.000000
0890,438201568.000000,345834887.695312,69401704.101562,22964978.000000
0891,438166976.000000,345807812.500000,69395646.972656,22963512.000000
0892,438137376.000000,345789550.781250,69384345.703125,22963496.000000
0893,438103616.000000,345757568.359375,69381943.359375,22964090.000000
0894,438067168.000000,345729809.570312,69373249.511719,22964100.000000
0895,438019200.000000,345683593.750000,69369799.804688,22965814.000000
0896,437982048.000000,345670190.429688,69350097.656250,22961772.000000
0897,437939904.000000,345644750.976562,69330512.695312,22964680.000000
0898,437914816.000000,345624047.851562,69326044.921875,22964726.000000
0899,437882144.000000,345605957.031250,69313784.179688,22962394.000000
0900,437853472.000000,345571191.406250,69318405.761719,22963884.000000
0901,437807840.000000,345531982.421875,69311469.726562,22964388.000000
0902,437766112.000000,345504174.804688,69296711.425781,22965238.000000
0903,437732288.000000,345483740.234375,69285966.796875,22962570.000000
0904,437687808.000000,345469531.250000,69255549.316406,22962704.000000
0905,437663136.000000,345444970.703125,69254941.406250,22963236.000000
0906,437618688.000000,345390014.648438,69265686.035156,22962988.000000
0907,437578240.000000,345375903.320312,69239384.765625,22962942.000000
0908,437540704.000000,345340258.789062,69237231.445312,22963238.000000
0909,437501568.000000,345317309.570312,69221857.910156,22962388.000000
0910,437460480.000000,345289916.992188,69208864.746094,22961680.000000
0911,437416352.000000,345254345.703125,69198735.351562,22963308.000000
0912,437378944.000000,345239331.054688,69180366.210938,22959222.000000
0913,437351552.000000,345199365.234375,69191330.566406,22960864.000000
0914,437325504.000000,345187963.867188,69176015.625000,22961532.000000
0915,437287584.000000,345164648.437500,69161762.695312,22961170.000000
0916,437245120.000000,345137060.546875,69146198.730469,22961868.000000
0917,437203040.000000,345109497.070312,69134208.984375,22959314.000000
0918,437171328.000000,345075122.070312,69134311.523438,22961874.000000
0919,437141504.000000,345079150.390625,69102165.527344,22960188.000000
0920,437112128.000000,345048852.539062,69103183.593750,22960048.000000
0921,437074752.000000,345013403.320312,69101213.378906,22960130.000000
0922,437031488.000000,344982763.671875,69088754.882812,22959996.000000
0923,436985504.000000,344955175.781250,69070173.339844,22960148.000000
0924,436946688.000000,344926562.500000,69060783.691406,22959372.000000
0925,436916704.000000,344912524.414062,69044758.300781,22959418.000000
0926,436890880.000000,344891967.773438,69039367.675781,22959540.000000
0927,436851040.000000,344845654.296875,69045344.238281,22960036.000000
0928,436812384.000000,344831567.382812,69021489.257812,22959336.000000
0929,436776736.000000,344795922.851562,69020441.894531,22960358.000000
0930,436736480.000000,344769970.703125,69007763.671875,22958752.000000
0931,436698880.000000,344731274.414062,69006577.148438,22961018.000000
0932,436664608.000000,344719091.796875,68986625.976562,22958876.000000
0933,436630016.000000,344695190.429688,68976152.343750,22958652.000000
0934,436602240.000000,344667236.328125,68975368.652344,22959660.000000
0935,436574656.000000,344653540.039062,68961262.207031,22959876.000000
0936,436536416.000000,344629663.085938,68947602.539062,22959132.000000
0937,436498112.000000,344601269.531250,68937348.632812,22959496.000000
0938,436460768.000000,344576098.632812,68926047.363281,22958612.000000
0939,436428544.000000,344552587.890625,68916826.171875,22959130.000000
0940,436393824.000000,344532250.976562,68903085.937500,22958502.000000
0941,436356160.000000,344494775.390625,68902294.921875,22959084.000000
0942,436315808.000000,344484008.789062,68875063.476562,22956744.000000
0943,436285760.000000,344430249.023438,68893989.257812,22961536.000000
0944,436259776.000000,344433447.265625,68868823.242188,22957488.000000
0945,436229280.000000,344441430.664062,68830678.710938,22957166.000000
0946,436212672.000000,344420019.531250,68834062.500000,22958584.000000
0947,436184384.000000,344381738.281250,68842023.925781,22960654.000000
0948,436151008.000000,344364135.742188,68826562.500000,22960330.000000
0949,436106816.000000,344339526.367188,68808662.109375,22958612.000000
0950,436067040.000000,344313281.250000,68795573.730469,22958164.000000
0951,436029216.000000,344283789.062500,68786118.164062,22959342.000000
0952,435996480.000000,344256201.171875,68782426.757812,22957846.000000
0953,435965920.000000,344241406.250000,68765537.109375,22958970.000000
0954,435931744.000000,344210717.773438,68761333.007812,22959672.000000
0955,435894016.000000,344173706.054688,68761142.578125,22959164.000000
0956,435856448.000000,344152050.781250,68745468.750000,22958916.000000
0957,435821536.000000,344127734.375000,68735053.710938,22958752.000000
0958,435790368.000000,344097851.562500,68733339.843750,22959180.000000
0959,435764736.000000,344093115.234375,68713967.285156,22957642.000000
0960,435738688.000000,344071191.406250,68708371.582031,22959108.000000
0961,435702368.000000,344041162.109375,68701545.410156,22959692.000000
0962,435668288.000000,344023364.257812,68685563.964844,22959368.000000
0963,435631360.000000,343998583.984375,68673581.542969,22959176.000000
0964,435595520.000000,343970336.914062,68666389.160156,22958768.000000
0965,435563392.000000,343950756.835938,68654956.054688,22957686.000000
0966,435532896.000000,343925439.453125,68648444.824219,22958998.000000
0967,435504000.000000,343911279.296875,68634279.785156,22958462.000000
0968,435475296.000000,343887670.898438,68628200.683594,22959432.000000
0969,435441952.000000,343865625.000000,68617558.593750,22958754.000000
0970,435404448.000000,343840649.414062,68604895.019531,22958924.000000
0971,435367552.000000,343806518.554688,68602192.382812,22958836.000000
0972,435336416.000000,343801171.875000,68578659.667969,22956588.000000
0973,435310912.000000,343762939.453125,68588349.609375,22959620.000000
0974,435286080.000000,343757421.875000,68569790.039062,22958872.000000
0975,435259520.000000,343734692.382812,68565761.718750,22959080.000000
0976,435235968.000000,343725537.109375,68552299.804688,22958144.000000
0977,435210208.000000,343704492.187500,68547846.679688,22957884.000000
0978,435178624.000000,343662768.554688,68557368.164062,22958476.000000
0979,435148480.000000,343654516.601562,68536713.867188,22957234.000000
0980,435118272.000000,343629272.460938,68530634.765625,22958370.000000
0981,435098848.000000,343619775.390625,68521076.660156,22957972.000000
0982,435073440.000000,343610229.492188,68505131.835938,22958084.000000
0983,435055744.000000,343590014.648438,68506933.593750,22958792.000000
0984,435027840.000000,343563452.148438,68505673.828125,22958728.000000
0985,434998976.000000,343544848.632812,68495683.593750,22958436.000000
0986,434967616.000000,343524658.203125,68484631.347656,22958310.000000
0987,434936288.000000,343499707.031250,68478442.382812,22958136.000000
0988,434916128.000000,343484960.937500,68473073.730469,22958124.000000
0989,434895616.000000,343479638.671875,68457561.035156,22958396.000000
0990,434875392.000000,343464282.226562,68452397.460938,22958720.000000
0991,434854464.000000,343450952.148438,68445124.511719,22958388.000000
0992,434827520.000000,343420532.226562,68448544.921875,22958424.000000
0993,434799168.000000,343410327.148438,68431289.062500,22957544.000000
0994,434770080.000000,343379370.117188,68432373.046875,22958328.000000
0995,434742880.000000,343365112.304688,68420456.542969,22957300.000000
0996,434720704.000000,343354809.570312,68409060.058594,22956826.000000
0997,434699680.000000,343334228.515625,68406972.656250,22958452.000000
0998,434673568.000000,343320068.359375,68395876.464844,22957644.000000
0999,434648032.000000,343298339.843750,68391665.039062,22958040.000000
1000,434615040.000000,343271972.656250,68385893.554688,22957192.000000
1001,434587200.000000,343254443.359375,68374855.957031,22957924.000000
1002,434564288.000000,343244213.867188,68363159.179688,22956912.000000
1003,434544416.000000,343236230.468750,68351484.375000,22956704.000000
1004,434514944.000000,343210717.773438,68346511.230469,22957704.000000
1005,434487616.000000,343205395.507812,68326105.957031,22956092.000000
1006,434463104.000000,343174682.617188,68330493.164062,22957904.000000
1007,434435744.000000,343154418.945312,68325351.562500,22955964.000000
1008,434408384.000000,343136499.023438,68314775.390625,22957076.000000
1009,434381568.000000,343117431.640625,68308388.671875,22955760.000000
1010,434353440.000000,343108544.921875,68288071.289062,22956844.000000
1011,434327392.000000,343088940.429688,68280827.636719,22957628.000000
1012,434299680.000000,343075146.484375,68268229.980469,22956322.000000
1013,434269344.000000,343047460.937500,68265080.566406,22956814.000000
1014,434238560.000000,343028588.867188,68254174.804688,22955810.000000
1015,434208544.000000,343004125.976562,68247810.058594,22956596.000000
1016,434180224.000000,342990942.382812,68234121.093750,22955182.000000
1017,434160128.000000,342976049.804688,68227770.996094,22956272.000000
1018,434143488.000000,342969824.218750,68217194.824219,22956492.000000
1019,434123264.000000,342958300.781250,68208852.539062,22956106.000000
1020,434106496.000000,342945019.531250,68205395.507812,22956100.000000
1021,434080704.000000,342916772.460938,68208171.386719,22955776.000000
1022,434054720.000000,342903784.179688,68195639.648438,22955280.000000
1023,434030944.000000,342884521.484375,68190307.617188,22956116.000000
1024,434004896.000000,342871508.789062,68178054.199219,22955340.000000
1025,433979776.000000,342855786.132812,68168247.070312,22955728.000000
1026,433952576.000000,342832299.804688,68164379.882812,22955904.000000
1027,433927168.000000,342817260.742188,68155803.222656,22954104.000000
1028,433905536.000000,342797314.453125,68152192.382812,22956020.000000
1029,433883552.000000,342790234.375000,68138613.281250,22954686.000000
